,Player,Nation,Pos,Age,TotlMin,Games,sc_G,sc_A,sc_GA,CrdY,CrdR,xG,xAG,npxG+xAG,PrgC,PrgP,PrgR
0,Rodri,es ESP,MF,27.0,34,34,8.0,9.0,17.0,8.0,1.0,4.1,3.9,8.0,76.0,376.0,55.0
1,Phil Foden,eng ENG,"FW,MF",23.0,35,33,19.0,8.0,27.0,2.0,0.0,10.3,8.4,18.7,93.0,168.0,269.0
2,Ederson,br BRA,GK,29.0,33,33,0.0,0.0,0.0,5.0,0.0,0.0,0.1,0.1,0.0,4.0,0.0
3,Julián Álvarez,ar ARG,"MF,FW",23.0,36,31,11.0,8.0,19.0,2.0,0.0,13.0,6.4,17.9,64.0,103.0,180.0
4,Kyle Walker,eng ENG,DF,33.0,32,30,0.0,4.0,4.0,2.0,0.0,0.4,2.6,3.0,74.0,157.0,172.0
5,Bernardo Silva,pt POR,"MF,FW",28.0,33,29,6.0,9.0,15.0,8.0,0.0,3.7,7.6,11.3,140.0,177.0,260.0
6,Erling Haaland,no NOR,FW,23.0,31,29,27.0,5.0,32.0,1.0,0.0,29.2,4.3,27.2,35.0,26.0,126.0
7,Rúben Dias,pt POR,DF,26.0,30,28,0.0,0.0,0.0,0.0,0.0,1.4,0.3,1.7,34.0,173.0,16.0
8,Manuel Akanji,ch SUI,"DF,MF",28.0,30,28,2.0,0.0,2.0,4.0,1.0,1.9,0.5,2.4,46.0,148.0,36.0
9,Joško Gvardiol,hr CRO,DF,21.0,28,26,4.0,1.0,5.0,3.0,0.0,3.1,1.4,4.5,63.0,136.0,115.0
10,Nathan Aké,nl NED,DF,28.0,29,24,2.0,2.0,4.0,0.0,0.0,2.5,1.2,3.7,24.0,116.0,18.0
11,Jeremy Doku,be BEL,"FW,MF",21.0,29,18,3.0,8.0,11.0,3.0,0.0,2.5,4.6,7.1,218.0,57.0,295.0
12,Mateo Kovačić,hr CRO,MF,29.0,30,16,1.0,0.0,1.0,4.0,0.0,1.3,1.6,2.9,37.0,100.0,38.0
13,Kevin De Bruyne,be BEL,MF,32.0,18,15,4.0,10.0,14.0,2.0,0.0,2.4,11.5,14.0,47.0,111.0,133.0
14,John Stones,eng ENG,"DF,MF",29.0,16,12,1.0,0.0,1.0,2.0,0.0,1.0,0.2,1.3,16.0,57.0,24.0
15,Jack Grealish,eng ENG,"FW,MF",27.0,20,10,3.0,1.0,4.0,6.0,0.0,2.1,2.5,4.6,87.0,50.0,146.0
16,Rico Lewis,eng ENG,"DF,MF",18.0,16,8,2.0,0.0,2.0,1.0,0.0,0.6,1.1,1.8,21.0,33.0,46.0
17,Matheus Nunes,pt POR,MF,24.0,17,7,0.0,2.0,2.0,0.0,0.0,0.8,1.1,2.0,28.0,34.0,58.0
18,Stefan Ortega,de GER,GK,30.0,9,5,0.0,0.0,0.0,0.0,0.0,0.0,0.0,0.0,0.0,0.0,0.0
19,Oscar Bobb,no NOR,"FW,MF",20.0,14,2,1.0,1.0,2.0,0.0,0.0,1.4,1.2,2.6,13.0,25.0,38.0
20,Kalvin Phillips,eng ENG,MF,27.0,4,0,0.0,0.0,0.0,0.0,0.0,0.1,0.0,0.1,7.0,7.0,3.0
21,Sergio Gómez,es ESP,"FW,MF",22.0,6,0,0.0,1.0,1.0,0.0,0.0,0.2,0.2,0.4,4.0,2.0,4.0
22,Aymeric Laporte,es ESP,DF,29.0,1,0,0.0,0.0,0.0,0.0,0.0,0.0,0.0,0.0,0.0,0.0,0.0
23,Cole Palmer,eng ENG,MF,21.0,1,0,0.0,0.0,0.0,0.0,0.0,0.0,0.0,0.0,0.0,0.0,0.0
24,James Mcatee,eng ENG,MF,20.0,1,0,0.0,0.0,0.0,0.0,0.0,0.0,0.0,0.0,0.0,0.0,0.0
25,Virgil van Dijk,nl NED,DF,32.0,36,36,2.0,2.0,4.0,3.0,1.0,2.8,1.6,4.4,32.0,200.0,7.0
26,Luis Díaz,co COL,FW,26.0,37,32,8.0,5.0,13.0,3.0,0.0,11.9,5.7,17.5,137.0,113.0,302.0
27,Alexis Mac Allister,ar ARG,MF,24.0,33,31,5.0,5.0,10.0,7.0,1.0,3.7,3.6,6.4,44.0,209.0,48.0
28,Mohamed Salah,eg EGY,FW,31.0,32,28,18.0,10.0,28.0,2.0,0.0,21.2,11.8,27.3,98.0,147.0,341.0
29,Alisson,br BRA,GK,30.0,28,28,0.0,0.0,0.0,1.0,0.0,0.0,0.0,0.0,0.0,5.0,0.0
30,Trent Alexander-Arnold,eng ENG,DF,24.0,28,25,3.0,4.0,7.0,6.0,0.0,2.6,7.2,9.5,45.0,205.0,97.0
31,Dominik Szoboszlai,hu HUN,MF,22.0,33,25,3.0,2.0,5.0,1.0,0.0,3.7,5.8,9.5,75.0,152.0,160.0
32,Darwin Núñez,uy URU,FW,24.0,36,22,11.0,8.0,19.0,9.0,0.0,16.3,6.0,21.5,58.0,54.0,206.0
33,Wataru Endo,jp JPN,MF,30.0,29,20,1.0,0.0,1.0,10.0,0.0,0.5,1.7,2.3,10.0,101.0,21.0
34,Andrew Robertson,sct SCO,DF,29.0,23,18,3.0,2.0,5.0,2.0,0.0,1.9,5.4,7.3,63.0,140.0,130.0
35,Joe Gomez,eng ENG,DF,26.0,32,17,0.0,1.0,1.0,5.0,0.0,0.8,1.3,2.1,44.0,100.0,105.0
36,Cody Gakpo,nl NED,"FW,MF",24.0,35,17,8.0,5.0,13.0,1.0,0.0,9.0,2.9,11.8,43.0,83.0,130.0
37,Ibrahima Konaté,fr FRA,DF,24.0,22,17,0.0,0.0,0.0,5.0,1.0,0.7,0.4,1.1,24.0,118.0,3.0
38,Curtis Jones,eng ENG,MF,22.0,23,14,1.0,1.0,2.0,3.0,1.0,2.6,0.7,3.3,31.0,74.0,88.0
39,Diogo Jota,pt POR,FW,26.0,21,14,10.0,3.0,13.0,3.0,1.0,5.3,3.3,8.6,54.0,34.0,111.0
40,Jarell Quansah,eng ENG,DF,20.0,17,13,2.0,0.0,2.0,1.0,0.0,1.0,0.1,1.1,13.0,67.0,1.0
41,Ryan Gravenberch,nl NED,MF,21.0,26,12,1.0,0.0,1.0,0.0,0.0,2.0,0.9,2.9,39.0,78.0,71.0
42,Harvey Elliott,eng ENG,"MF,FW",20.0,34,11,3.0,6.0,9.0,2.0,0.0,2.7,3.5,6.2,44.0,128.0,122.0
43,Caoimhín Kelleher,ie IRL,GK,24.0,10,10,0.0,0.0,0.0,0.0,0.0,0.0,0.0,0.0,0.0,1.0,0.0
44,Conor Bradley,nir NIR,DF,20.0,11,10,1.0,3.0,4.0,2.0,0.0,0.9,1.5,2.3,35.0,29.0,64.0
45,Joël Matip,cm CMR,DF,31.0,10,9,0.0,0.0,0.0,2.0,0.0,0.5,0.1,0.6,8.0,34.0,1.0
46,Kostas Tsimikas,gr GRE,DF,27.0,13,8,0.0,3.0,3.0,0.0,0.0,0.1,1.0,1.1,24.0,31.0,73.0
47,Bobby Clark,eng ENG,MF,18.0,5,1,0.0,0.0,0.0,0.0,0.0,0.1,0.0,0.1,3.0,3.0,7.0
48,Stefan Bajcetic,es ESP,MF,18.0,1,0,0.0,0.0,0.0,0.0,0.0,0.0,0.0,0.0,0.0,1.0,0.0
49,Ben Doak,sct SCO,FW,17.0,1,0,0.0,0.0,0.0,0.0,0.0,0.0,0.0,0.0,0.0,0.0,0.0
50,Jayden Danns,eng ENG,FW,17.0,2,0,0.0,0.0,0.0,1.0,0.0,0.0,0.0,0.0,0.0,1.0,2.0
51,Owen Beck,wls WAL,DF,20.0,1,0,0.0,0.0,0.0,0.0,0.0,0.0,0.0,0.0,0.0,0.0,1.0
52,Thiago Alcántara,es ESP,MF,32.0,1,0,0.0,0.0,0.0,0.0,0.0,0.0,0.0,0.0,0.0,0.0,0.0
53,James McConnell,eng ENG,MF,18.0,3,0,0.0,0.0,0.0,0.0,0.0,0.0,0.0,0.0,0.0,1.0,0.0
54,Kaide Gordon,eng ENG,FW,18.0,1,0,0.0,0.0,0.0,0.0,0.0,0.0,0.0,0.0,0.0,1.0,0.0
55,William Saliba,fr FRA,DF,22.0,38,38,2.0,1.0,3.0,4.0,0.0,1.6,0.2,1.8,16.0,157.0,6.0
56,Declan Rice,eng ENG,MF,24.0,38,37,7.0,8.0,15.0,5.0,0.0,3.3,5.3,8.6,75.0,278.0,64.0
57,Martin Ødegaard,no NOR,MF,24.0,35,35,8.0,10.0,18.0,2.0,0.0,7.4,9.6,15.5,91.0,344.0,202.0
58,Ben White,eng ENG,DF,25.0,37,35,4.0,4.0,8.0,8.0,0.0,1.2,3.8,5.0,44.0,192.0,162.0
59,Bukayo Saka,eng ENG,FW,21.0,35,35,16.0,9.0,25.0,4.0,0.0,15.5,10.5,21.2,155.0,126.0,508.0
60,Gabriel Magalhães,br BRA,DF,25.0,36,34,4.0,0.0,4.0,4.0,0.0,4.3,0.7,5.0,13.0,117.0,8.0
61,David Raya,es ESP,GK,27.0,32,32,0.0,0.0,0.0,2.0,0.0,0.0,0.0,0.0,0.0,2.0,0.0
62,Kai Havertz,de GER,"MF,FW",24.0,37,30,13.0,7.0,20.0,11.0,0.0,12.3,4.4,15.9,55.0,99.0,191.0
63,Gabriel Martinelli,br BRA,FW,22.0,35,24,6.0,4.0,10.0,1.0,0.0,6.8,6.1,12.9,127.0,65.0,345.0
64,Oleksandr Zinchenko,ua UKR,DF,26.0,27,20,1.0,2.0,3.0,2.0,0.0,0.6,2.5,3.1,40.0,229.0,58.0
65,Leandro Trossard,be BEL,"FW,MF",28.0,34,18,12.0,1.0,13.0,2.0,0.0,7.9,2.8,10.7,66.0,76.0,155.0
66,Gabriel Jesus,br BRA,FW,26.0,27,17,4.0,5.0,9.0,6.0,0.0,6.3,3.8,10.1,38.0,42.0,155.0
67,Jakub Kiwior,pl POL,DF,23.0,20,11,1.0,3.0,4.0,1.0,0.0,0.8,0.9,1.7,4.0,55.0,16.0
68,Takehiro Tomiyasu,jp JPN,DF,24.0,22,10,2.0,1.0,3.0,2.0,1.0,1.5,0.4,1.9,17.0,72.0,37.0
69,Eddie Nketiah,eng ENG,FW,24.0,27,10,5.0,2.0,7.0,3.0,0.0,4.5,0.8,5.4,22.0,20.0,77.0
70,Jorginho,it ITA,MF,31.0,24,10,0.0,2.0,2.0,1.0,0.0,0.1,1.4,1.5,8.0,101.0,8.0
71,Thomas Partey,gh GHA,"MF,DF",30.0,14,9,0.0,0.0,0.0,3.0,0.0,0.4,0.3,0.7,15.0,72.0,10.0
72,Aaron Ramsdale,eng ENG,GK,25.0,6,6,0.0,0.0,0.0,0.0,0.0,0.0,0.0,0.0,0.0,2.0,0.0
73,Emile Smith Rowe,eng ENG,MF,23.0,13,3,0.0,1.0,1.0,0.0,0.0,2.0,0.2,2.2,11.0,23.0,18.0
74,Fabio Vieira,pt POR,"MF,FW",23.0,11,2,1.0,2.0,3.0,0.0,1.0,1.3,1.6,2.1,12.0,15.0,30.0
75,Reiss Nelson,eng ENG,FW,23.0,15,1,0.0,0.0,0.0,1.0,0.0,0.2,0.6,0.8,9.0,5.0,26.0
76,Jurriën Timber,nl NED,DF,22.0,2,1,0.0,0.0,0.0,2.0,0.0,0.0,0.0,0.0,0.0,8.0,5.0
77,Cédric Soares,pt POR,DF,31.0,3,0,0.0,0.0,0.0,0.0,0.0,0.0,0.0,0.0,0.0,3.0,6.0
78,Mohamed Elneny,eg EGY,MF,31.0,3,0,0.0,0.0,0.0,0.0,0.0,0.1,0.0,0.1,1.0,1.0,0.0
79,Ethan Nwaneri,eng ENG,FW,16.0,1,0,0.0,0.0,0.0,0.0,0.0,0.0,0.0,0.0,2.0,2.0,1.0
80,Conor Gallagher,eng ENG,MF,23.0,37,37,5.0,7.0,12.0,9.0,1.0,4.2,5.0,9.2,62.0,172.0,122.0
81,Moisés Caicedo,ec ECU,MF,21.0,35,33,1.0,3.0,4.0,11.0,0.0,0.4,2.6,3.0,27.0,173.0,27.0
82,Nicolas Jackson,sn SEN,FW,22.0,35,31,14.0,5.0,19.0,10.0,0.0,18.6,4.3,22.9,70.0,67.0,200.0
83,Cole Palmer,eng ENG,"FW,MF",21.0,33,29,22.0,11.0,33.0,7.0,0.0,18.2,11.1,22.2,117.0,197.0,195.0
84,Axel Disasi,fr FRA,DF,25.0,31,29,2.0,0.0,2.0,6.0,0.0,2.4,0.3,2.7,30.0,112.0,21.0
85,Thiago Silva,br BRA,DF,38.0,31,28,3.0,1.0,4.0,4.0,0.0,0.8,1.0,1.8,2.0,102.0,5.0
86,Enzo Fernández,ar ARG,MF,22.0,28,26,3.0,2.0,5.0,7.0,0.0,6.2,3.4,8.0,52.0,210.0,54.0
87,Đorđe Petrović,rs SRB,GK,23.0,23,22,0.0,0.0,0.0,2.0,0.0,0.0,0.0,0.0,0.0,1.0,0.0
88,Raheem Sterling,eng ENG,"FW,MF",28.0,31,22,8.0,4.0,12.0,7.0,0.0,6.5,4.5,11.0,120.0,78.0,242.0
89,Levi Colwill,eng ENG,DF,20.0,23,20,1.0,1.0,2.0,2.0,0.0,1.3,1.2,2.5,23.0,73.0,27.0
90,Marc Cucurella,es ESP,DF,25.0,21,20,0.0,2.0,2.0,10.0,0.0,1.1,1.1,2.2,31.0,50.0,73.0
91,Malo Gusto,fr FRA,DF,20.0,27,19,0.0,6.0,6.0,7.0,1.0,0.9,4.3,5.2,78.0,86.0,135.0
92,Mykhailo Mudryk,ua UKR,FW,22.0,31,18,5.0,2.0,7.0,5.0,0.0,4.4,4.1,8.5,92.0,45.0,139.0
93,Robert Sánchez,es ESP,GK,25.0,16,16,0.0,0.0,0.0,2.0,0.0,0.0,0.0,0.0,0.0,1.0,0.0
94,Benoît Badiashile,fr FRA,DF,22.0,18,15,0.0,1.0,1.0,3.0,0.0,0.3,1.5,1.8,3.0,46.0,3.0
95,Noni Madueke,eng ENG,FW,21.0,23,13,5.0,2.0,7.0,2.0,0.0,2.5,2.6,4.3,76.0,52.0,136.0
96,Trevoh Chalobah,eng ENG,DF,24.0,13,10,1.0,0.0,1.0,1.0,0.0,0.2,0.1,0.3,5.0,31.0,9.0
97,Ben Chilwell,eng ENG,DF,26.0,13,9,0.0,1.0,1.0,5.0,0.0,1.2,2.2,3.4,22.0,25.0,59.0
98,Armando Broja,al ALB,FW,21.0,13,6,1.0,0.0,1.0,0.0,0.0,2.4,0.2,2.5,11.0,6.0,37.0
99,Reece James,eng ENG,DF,23.0,10,5,0.0,2.0,2.0,2.0,2.0,0.3,1.7,2.1,19.0,21.0,35.0
100,Lesley Ugochukwu,fr FRA,MF,19.0,12,3,0.0,0.0,0.0,2.0,0.0,0.0,0.1,0.1,8.0,17.0,3.0
101,Christopher Nkunku,fr FRA,"FW,MF",25.0,11,2,3.0,0.0,3.0,0.0,0.0,2.3,0.2,2.5,10.0,19.0,35.0
102,Carney Chukwuemeka,eng ENG,"MF,FW",19.0,9,2,1.0,1.0,2.0,2.0,0.0,0.2,0.3,0.5,4.0,12.0,19.0
103,Alfie Gilchrist,eng ENG,DF,19.0,11,2,1.0,0.0,1.0,1.0,0.0,0.3,0.0,0.3,1.0,7.0,4.0
104,Ian Maatsen,nl NED,"FW,MF",21.0,12,1,0.0,0.0,0.0,1.0,0.0,0.8,0.1,0.9,9.0,8.0,15.0
105,Cesare Casadei,it ITA,"FW,MF",20.0,11,0,0.0,0.0,0.0,0.0,0.0,0.0,0.1,0.1,1.0,3.0,3.0
106,Roméo Lavia,be BEL,MF,19.0,1,0,0.0,0.0,0.0,0.0,0.0,0.0,0.0,0.0,0.0,1.0,0.0
107,Deivid Washington,br BRA,"DF,FW",18.0,2,0,0.0,0.0,0.0,0.0,0.0,0.5,0.0,0.5,0.0,0.0,1.0
108,Mason Burstow,eng ENG,FW,19.0,2,0,0.0,0.0,0.0,0.0,0.0,0.0,0.0,0.0,0.0,0.0,1.0
109,Joshua Acheampong,eng ENG,DF,17.0,1,0,0.0,0.0,0.0,0.0,0.0,0.0,0.0,0.0,0.0,0.0,0.0
110,Alex Matos,eng ENG,MF,18.0,1,0,0.0,0.0,0.0,0.0,0.0,0.0,0.0,0.0,0.0,0.0,0.0
111,Jimi Tauriainen,eng ENG,FW,19.0,1,0,0.0,0.0,0.0,0.0,0.0,0.0,0.0,0.0,0.0,0.0,0.0
112,Bruno Guimarães,br BRA,MF,25.0,37,37,7.0,8.0,15.0,9.0,0.0,4.8,6.4,11.2,65.0,283.0,73.0
113,Fabian Schär,ch SUI,DF,31.0,36,35,4.0,1.0,5.0,5.0,0.0,2.5,0.7,3.3,28.0,133.0,20.0
114,Anthony Gordon,eng ENG,FW,22.0,35,34,11.0,10.0,21.0,12.0,1.0,10.2,8.0,17.4,138.0,101.0,232.0
115,Dan Burn,eng ENG,DF,31.0,33,32,2.0,2.0,4.0,4.0,0.0,3.1,1.1,4.2,14.0,75.0,25.0
116,Sean Longstaff,eng ENG,MF,25.0,35,30,6.0,2.0,8.0,7.0,0.0,6.6,2.3,8.8,24.0,145.0,116.0
117,Alexander Isak,se SWE,FW,23.0,30,27,21.0,2.0,23.0,1.0,0.0,20.3,3.7,19.3,68.0,71.0,129.0
118,Kieran Trippier,eng ENG,DF,32.0,28,26,1.0,10.0,11.0,5.0,0.0,0.7,7.5,8.2,34.0,157.0,128.0
119,Miguel Almirón,py PAR,FW,29.0,33,23,3.0,1.0,4.0,2.0,0.0,4.5,2.6,7.2,78.0,78.0,162.0
120,Martin Dúbravka,sk SVK,GK,34.0,23,22,0.0,0.0,0.0,1.0,0.0,0.0,0.1,0.1,0.0,0.0,0.0
121,Sven Botman,nl NED,DF,23.0,17,15,2.0,2.0,4.0,2.0,0.0,0.6,1.0,1.6,0.0,35.0,5.0
122,Nick Pope,eng ENG,GK,31.0,15,15,0.0,0.0,0.0,1.0,0.0,0.0,0.0,0.0,0.0,0.0,0.0
123,Joelinton,br BRA,"MF,FW",26.0,20,15,2.0,1.0,3.0,6.0,0.0,3.1,2.8,5.9,29.0,56.0,60.0
124,Lewis Miley,eng ENG,MF,17.0,17,14,1.0,3.0,4.0,1.0,0.0,1.2,1.7,2.9,14.0,53.0,54.0
125,Jacob Murphy,eng ENG,"FW,DF",28.0,21,14,3.0,7.0,10.0,1.0,0.0,2.1,5.0,7.1,33.0,52.0,113.0
126,Jamaal Lascelles,eng ENG,DF,29.0,16,13,1.0,0.0,1.0,4.0,0.0,0.7,0.1,0.8,8.0,31.0,3.0
127,Valentino Livramento,eng ENG,DF,20.0,26,12,1.0,0.0,1.0,1.0,0.0,0.4,0.8,1.2,44.0,61.0,76.0
128,Elliot Anderson,sct SCO,"MF,FW",20.0,21,10,0.0,2.0,2.0,3.0,0.0,1.5,1.9,3.5,37.0,57.0,70.0
129,Callum Wilson,eng ENG,FW,31.0,20,9,9.0,1.0,10.0,3.0,0.0,8.8,0.6,7.8,11.0,9.0,77.0
130,Emil Krafth,se SWE,DF,28.0,17,8,0.0,0.0,0.0,2.0,0.0,0.2,1.0,1.2,12.0,29.0,33.0
131,Lewis Hall,eng ENG,DF,18.0,18,8,1.0,0.0,1.0,2.0,0.0,0.3,0.3,0.6,19.0,46.0,27.0
132,Harvey Barnes,eng ENG,"FW,MF",25.0,21,7,5.0,3.0,8.0,2.0,0.0,3.6,3.2,6.8,45.0,34.0,79.0
133,Sandro Tonali,it ITA,MF,23.0,8,5,1.0,0.0,1.0,2.0,0.0,0.7,0.6,1.3,11.0,19.0,21.0
134,Joe Willock,eng ENG,MF,23.0,9,5,1.0,0.0,1.0,0.0,0.0,0.8,0.6,1.4,16.0,17.0,26.0
135,Loris Karius,de GER,GK,30.0,1,1,0.0,0.0,0.0,0.0,0.0,0.0,0.0,0.0,0.0,0.0,0.0
136,Matt Targett,eng ENG,DF,27.0,3,1,0.0,0.0,0.0,1.0,0.0,0.0,0.0,0.0,1.0,2.0,0.0
137,Matt Ritchie,sct SCO,"FW,MF",33.0,13,0,1.0,0.0,1.0,1.0,0.0,1.0,0.0,1.0,5.0,8.0,13.0
138,Ben Parkinson,eng ENG,FW,18.0,1,0,0.0,0.0,0.0,0.0,0.0,0.0,0.0,0.0,0.0,0.0,0.0
139,Paul Dummett,wls WAL,DF,31.0,5,0,0.0,0.0,0.0,0.0,0.0,0.0,0.0,0.0,1.0,1.0,0.0
140,Alex Murphy,ie IRL,"DF,FW",19.0,2,0,0.0,0.0,0.0,0.0,0.0,0.0,0.0,0.0,0.0,1.0,0.0
141,Joe White,eng ENG,MF,20.0,4,0,0.0,0.0,0.0,1.0,0.0,0.0,0.0,0.0,2.0,3.0,3.0
142,Amadou Diallo,eng ENG,MF,20.0,1,0,0.0,0.0,0.0,0.0,0.0,0.0,0.0,0.0,0.0,0.0,0.0
143,Michael Ndiweni,eng ENG,FW,19.0,1,0,0.0,0.0,0.0,0.0,0.0,0.0,0.0,0.0,0.0,0.0,0.0
144,Guglielmo Vicario,it ITA,GK,26.0,38,38,0.0,0.0,0.0,2.0,0.0,0.0,0.0,0.0,0.0,3.0,0.0
145,Pedro Porro,es ESP,DF,23.0,35,35,3.0,7.0,10.0,3.0,0.0,2.9,7.2,10.1,57.0,194.0,158.0
146,Son Heung-min,kr KOR,FW,31.0,35,34,17.0,10.0,27.0,1.0,0.0,12.0,11.8,22.2,119.0,139.0,325.0
147,Cristian Romero,ar ARG,DF,25.0,33,33,5.0,0.0,5.0,7.0,1.0,3.5,0.4,3.9,32.0,179.0,8.0
148,Dejan Kulusevski,se SWE,"FW,MF",23.0,36,31,8.0,3.0,11.0,7.0,0.0,4.7,7.7,12.4,151.0,144.0,388.0
149,Destiny Udogie,it ITA,DF,20.0,28,28,2.0,3.0,5.0,7.0,1.0,2.4,2.2,4.6,83.0,155.0,138.0
150,Micky van de Ven,nl NED,DF,22.0,27,27,3.0,0.0,3.0,5.0,0.0,0.6,0.0,0.6,19.0,108.0,9.0
151,Pape Matar Sarr,sn SEN,MF,20.0,34,27,3.0,3.0,6.0,9.0,0.0,3.4,2.2,5.7,43.0,150.0,90.0
152,James Maddison,eng ENG,MF,26.0,28,26,4.0,9.0,13.0,5.0,0.0,6.4,5.9,12.4,58.0,224.0,156.0
153,Yves Bissouma,ml MLI,MF,26.0,28,26,0.0,0.0,0.0,10.0,2.0,1.4,0.4,1.8,43.0,169.0,13.0
154,Brennan Johnson,wls WAL,FW,22.0,32,23,5.0,10.0,15.0,3.0,0.0,10.3,8.1,18.3,97.0,72.0,293.0
155,Richarlison,br BRA,FW,26.0,28,18,11.0,4.0,15.0,3.0,0.0,9.6,2.1,11.7,26.0,38.0,106.0
156,Rodrigo Bentancur,uy URU,MF,26.0,23,13,1.0,1.0,2.0,7.0,0.0,1.9,0.5,2.4,16.0,72.0,31.0
157,Ben Davies,wls WAL,DF,30.0,17,12,1.0,0.0,1.0,2.0,0.0,2.3,0.4,2.7,13.0,71.0,20.0
158,Emerson,br BRA,DF,24.0,22,11,1.0,0.0,1.0,4.0,0.0,0.2,0.4,0.6,21.0,57.0,35.0
159,Timo Werner,de GER,FW,27.0,13,10,2.0,3.0,5.0,1.0,0.0,3.7,2.7,6.4,79.0,41.0,124.0
160,Pierre Højbjerg,dk DEN,MF,27.0,36,8,0.0,0.0,0.0,4.0,0.0,0.7,1.2,1.9,17.0,134.0,29.0
161,Oliver Skipp,eng ENG,"MF,DF",22.0,21,5,0.0,0.0,0.0,3.0,0.0,0.7,0.6,1.3,8.0,37.0,25.0
162,Giovani Lo Celso,ar ARG,MF,27.0,22,4,2.0,2.0,4.0,2.0,0.0,0.6,1.9,2.5,25.0,68.0,29.0
163,Radu Drăgușin,ro ROU,DF,21.0,9,4,0.0,0.0,0.0,1.0,0.0,0.1,0.0,0.1,5.0,8.0,1.0
164,Bryan Gil,es ESP,"FW,MF",22.0,11,2,0.0,0.0,0.0,0.0,0.0,0.8,0.2,1.0,11.0,16.0,49.0
165,Manor Solomon,il ISR,FW,24.0,5,2,0.0,2.0,2.0,1.0,0.0,0.4,0.8,1.2,17.0,11.0,44.0
166,Eric Dier,eng ENG,DF,29.0,4,1,0.0,0.0,0.0,0.0,0.0,0.0,0.0,0.0,0.0,3.0,0.0
167,Ivan Perišić,hr CRO,FW,34.0,5,0,0.0,1.0,1.0,2.0,0.0,0.1,0.9,1.0,15.0,9.0,17.0
168,Davinson Sánchez,co COL,DF,27.0,1,0,0.0,0.0,0.0,1.0,0.0,0.1,0.0,0.1,0.0,2.0,0.0
169,Alejo Véliz,ar ARG,FW,19.0,8,0,1.0,0.0,1.0,1.0,0.0,0.2,0.0,0.2,0.0,1.0,3.0
170,Dane Scarlett,eng ENG,FW,19.0,4,0,0.0,0.0,0.0,0.0,0.0,0.0,0.0,0.0,0.0,1.0,4.0
171,Mikey Moore,eng ENG,MF,15.0,2,0,0.0,0.0,0.0,0.0,0.0,0.0,0.0,0.0,2.0,1.0,2.0
172,Jamie Donley,eng ENG,FW,18.0,3,0,0.0,0.0,0.0,1.0,0.0,0.0,0.0,0.0,0.0,0.0,0.0
173,André Onana,cm CMR,GK,27.0,38,38,0.0,0.0,0.0,5.0,0.0,0.0,0.1,0.1,1.0,5.0,0.0
174,Diogo Dalot,pt POR,DF,24.0,36,35,2.0,3.0,5.0,6.0,1.0,1.7,2.9,4.6,52.0,124.0,111.0
175,Bruno Fernandes,pt POR,"MF,FW",28.0,35,35,10.0,8.0,18.0,9.0,0.0,10.0,11.8,17.8,86.0,297.0,182.0
176,Alejandro Garnacho,ar ARG,FW,19.0,36,30,7.0,4.0,11.0,4.0,0.0,8.4,5.1,13.4,178.0,62.0,281.0
177,Marcus Rashford,eng ENG,FW,25.0,33,26,7.0,2.0,9.0,2.0,0.0,7.4,2.3,8.1,95.0,65.0,184.0
178,Rasmus Højlund,dk DEN,FW,20.0,30,25,10.0,2.0,12.0,2.0,0.0,7.6,1.6,9.2,36.0,33.0,111.0
179,Casemiro,br BRA,"MF,DF",31.0,25,24,1.0,2.0,3.0,7.0,0.0,3.5,1.0,4.5,12.0,112.0,36.0
180,Kobbie Mainoo,eng ENG,MF,18.0,24,24,3.0,1.0,4.0,3.0,0.0,0.9,0.7,1.6,25.0,64.0,36.0
181,Aaron Wan-Bissaka,eng ENG,DF,25.0,22,20,0.0,2.0,2.0,4.0,0.0,0.1,1.5,1.6,30.0,77.0,54.0
182,Scott McTominay,sct SCO,"MF,FW",26.0,32,18,7.0,1.0,8.0,2.0,0.0,5.7,0.8,6.6,29.0,64.0,47.0
183,Harry Maguire,eng ENG,DF,30.0,22,18,2.0,2.0,4.0,4.0,0.0,2.0,1.2,3.3,20.0,73.0,2.0
184,Raphaël Varane,fr FRA,DF,30.0,22,16,1.0,0.0,1.0,2.0,0.0,1.3,0.1,1.3,16.0,59.0,2.0
185,Jonny Evans,nir NIR,DF,35.0,23,15,0.0,1.0,1.0,2.0,0.0,0.1,1.2,1.2,7.0,37.0,1.0
186,Antony,br BRA,FW,23.0,29,15,1.0,1.0,2.0,5.0,0.0,3.4,2.8,6.1,53.0,64.0,149.0
187,Victor Lindelöf,se SWE,DF,29.0,19,14,1.0,1.0,2.0,2.0,0.0,0.8,0.3,1.1,17.0,40.0,17.0
188,Christian Eriksen,dk DEN,MF,31.0,22,12,1.0,2.0,3.0,1.0,0.0,1.0,2.3,3.3,20.0,68.0,23.0
189,Luke Shaw,eng ENG,DF,28.0,12,12,0.0,0.0,0.0,6.0,0.0,0.0,1.0,1.0,10.0,45.0,30.0
190,Sofyan Amrabat,ma MAR,"MF,DF",26.0,21,10,0.0,0.0,0.0,6.0,0.0,0.1,0.3,0.4,6.0,66.0,10.0
191,Lisandro Martínez,ar ARG,DF,25.0,11,8,0.0,1.0,1.0,3.0,0.0,0.0,0.1,0.1,8.0,28.0,1.0
192,Mason Mount,eng ENG,"MF,FW",24.0,14,5,1.0,0.0,1.0,2.0,0.0,0.4,0.3,0.7,9.0,21.0,34.0
193,Anthony Martial,fr FRA,FW,27.0,13,5,1.0,0.0,1.0,0.0,0.0,1.2,0.2,1.5,6.0,12.0,36.0
194,Sergio Reguilón,es ESP,DF,26.0,9,4,0.0,0.0,0.0,3.0,0.0,0.2,0.7,0.9,11.0,27.0,38.0
195,Amad Diallo,ci CIV,"FW,MF",21.0,9,3,1.0,1.0,2.0,1.0,0.0,0.5,1.1,1.6,11.0,10.0,31.0
196,Willy Kambwala,fr FRA,DF,18.0,8,3,0.0,0.0,0.0,1.0,0.0,0.0,0.0,0.0,2.0,8.0,1.0
197,Facundo Pellistri,uy URU,"FW,MF",21.0,9,1,0.0,1.0,1.0,0.0,0.0,0.7,0.1,0.8,6.0,6.0,31.0
198,Hannibal Mejbri,tn TUN,"MF,FW",20.0,5,1,1.0,0.0,1.0,1.0,0.0,0.0,0.4,0.4,2.0,6.0,10.0
199,Omari Forson,eng ENG,FW,19.0,4,1,0.0,1.0,1.0,0.0,0.0,0.0,0.2,0.2,1.0,2.0,2.0
200,Jadon Sancho,eng ENG,"FW,MF",23.0,3,0,0.0,0.0,0.0,0.0,0.0,0.0,0.1,0.1,10.0,4.0,5.0
201,Ethan Wheatley,eng ENG,FW,17.0,3,0,0.0,0.0,0.0,0.0,0.0,0.0,0.0,0.0,0.0,0.0,1.0
202,Donny van de Beek,nl NED,DF,26.0,1,0,0.0,0.0,0.0,0.0,0.0,0.0,0.1,0.2,0.0,0.0,1.0
203,Daniel Gore,eng ENG,MF,18.0,1,0,0.0,0.0,0.0,0.0,0.0,0.0,0.0,0.0,0.0,0.0,0.0
204,Ollie Watkins,eng ENG,FW,27.0,37,37,19.0,13.0,32.0,4.0,0.0,16.8,7.3,24.2,62.0,55.0,214.0
205,Ezri Konsa,eng ENG,DF,25.0,35,35,1.0,0.0,1.0,5.0,0.0,2.5,0.5,3.0,37.0,136.0,33.0
206,John McGinn,sct SCO,"MF,FW",28.0,35,35,6.0,4.0,10.0,9.0,1.0,5.0,4.6,9.6,59.0,189.0,84.0
207,Douglas Luiz,br BRA,MF,25.0,35,35,9.0,5.0,14.0,12.0,0.0,6.9,5.4,9.2,60.0,168.0,50.0
208,Emiliano Martínez,ar ARG,GK,30.0,34,34,0.0,0.0,0.0,4.0,0.0,0.0,0.0,0.0,0.0,2.0,0.0
209,Pau Torres,es ESP,DF,26.0,29,27,2.0,0.0,2.0,1.0,0.0,1.0,0.4,1.4,42.0,128.0,16.0
210,Lucas Digne,fr FRA,DF,30.0,33,27,1.0,3.0,4.0,7.0,0.0,1.1,4.1,5.2,42.0,77.0,200.0
211,Moussa Diaby,fr FRA,"FW,MF",24.0,38,25,6.0,8.0,14.0,1.0,0.0,7.0,6.6,13.6,94.0,72.0,183.0
212,Matty Cash,pl POL,DF,25.0,29,23,2.0,2.0,4.0,8.0,0.0,4.2,2.3,6.5,62.0,88.0,101.0
213,Leon Bailey,jm JAM,"MF,FW",25.0,35,22,10.0,9.0,19.0,5.0,0.0,6.3,9.2,15.5,102.0,82.0,226.0
214,Diego Carlos,br BRA,DF,30.0,27,20,0.0,0.0,0.0,4.0,0.0,1.9,0.1,2.0,4.0,59.0,1.0
215,Boubacar Kamara,fr FRA,MF,23.0,20,20,0.0,1.0,1.0,7.0,1.0,0.1,1.3,1.4,19.0,83.0,10.0
216,Youri Tielemans,be BEL,"MF,FW",26.0,32,17,2.0,6.0,8.0,3.0,0.0,1.3,2.6,3.9,23.0,128.0,46.0
217,Clément Lenglet,fr FRA,DF,28.0,14,14,0.0,1.0,1.0,3.0,0.0,0.9,0.8,1.6,26.0,51.0,1.0
218,Álex Moreno,es ESP,DF,30.0,21,11,2.0,0.0,2.0,2.0,0.0,1.1,1.1,2.3,32.0,24.0,83.0
219,Nicolò Zaniolo,it ITA,"FW,MF",24.0,25,9,2.0,0.0,2.0,7.0,0.0,2.6,1.0,3.6,35.0,30.0,60.0
220,Jacob Ramsey,eng ENG,"FW,MF",22.0,16,8,1.0,1.0,2.0,2.0,0.0,2.2,1.0,3.2,33.0,28.0,69.0
221,Morgan Rogers,eng ENG,"MF,FW",21.0,11,8,3.0,1.0,4.0,3.0,0.0,1.4,0.6,2.0,22.0,28.0,30.0
222,Robin Olsen,se SWE,GK,33.0,5,4,0.0,0.0,0.0,0.0,0.0,0.0,0.0,0.0,0.0,0.0,0.0
223,Jhon Durán,co COL,"FW,MF",19.0,23,3,5.0,0.0,5.0,5.0,0.0,2.0,0.3,2.3,9.0,9.0,25.0
224,Tim Iroegbunam,eng ENG,MF,20.0,9,1,0.0,0.0,0.0,0.0,0.0,0.0,0.0,0.0,3.0,1.0,0.0
225,Calum Chambers,eng ENG,"MF,DF",28.0,5,1,0.0,1.0,1.0,1.0,0.0,0.0,0.1,0.1,0.0,5.0,1.0
226,Leander Dendoncker,be BEL,MF,28.0,8,1,1.0,0.0,1.0,0.0,0.0,0.7,0.0,0.7,0.0,3.0,2.0
227,Tyrone Mings,eng ENG,DF,30.0,1,1,0.0,0.0,0.0,0.0,0.0,0.0,0.0,0.0,0.0,0.0,0.0
228,Omari Kellyman,eng ENG,FW,17.0,2,0,0.0,0.0,0.0,0.0,0.0,0.1,0.0,0.1,1.0,0.0,0.0
229,Philippe Coutinho,br BRA,"MF,FW",31.0,2,0,0.0,0.0,0.0,0.0,0.0,0.1,0.0,0.1,5.0,5.0,2.0
230,Bertrand Traoré,bf BFA,"DF,FW",27.0,2,0,0.0,0.0,0.0,0.0,0.0,0.0,0.0,0.0,0.0,0.0,0.0
231,Cameron Archer,eng ENG,MF,22.0,1,0,0.0,0.0,0.0,1.0,0.0,0.0,0.0,0.0,1.0,0.0,0.0
232,Kaine Kesler-Hayden,eng ENG,"MF,DF",20.0,3,0,0.0,0.0,0.0,0.0,0.0,0.0,0.0,0.0,0.0,0.0,0.0
233,Finley Munroe,eng ENG,MF,18.0,1,0,0.0,0.0,0.0,0.0,0.0,0.0,0.0,0.0,0.0,0.0,0.0
234,Jaden Philogene Bidace,eng ENG,FW,21.0,1,0,0.0,0.0,0.0,0.0,0.0,0.0,0.0,0.0,2.0,0.0,1.0
235,Vladimír Coufal,cz CZE,DF,30.0,36,36,0.0,7.0,7.0,7.0,1.0,0.3,4.0,4.3,68.0,119.0,126.0
236,Emerson Palmieri,it ITA,DF,28.0,36,35,1.0,2.0,3.0,10.0,0.0,1.5,2.4,3.9,59.0,125.0,124.0
237,Jarrod Bowen,eng ENG,FW,26.0,34,34,16.0,6.0,22.0,2.0,0.0,11.6,5.5,17.2,90.0,52.0,186.0
238,James Ward-Prowse,eng ENG,MF,28.0,37,34,7.0,7.0,14.0,4.0,0.0,6.0,7.8,12.3,18.0,144.0,63.0
239,Tomáš Souček,cz CZE,MF,28.0,37,34,7.0,2.0,9.0,7.0,0.0,6.7,1.7,8.4,7.0,86.0,39.0
240,Kurt Zouma,fr FRA,DF,28.0,33,32,3.0,0.0,3.0,3.0,0.0,1.8,0.2,2.0,7.0,53.0,1.0
241,Alphonse Areola,fr FRA,GK,30.0,31,31,0.0,0.0,0.0,1.0,0.0,0.0,0.0,0.0,0.0,1.0,0.0
242,Lucas Paquetá,br BRA,"FW,MF",25.0,31,31,4.0,6.0,10.0,10.0,0.0,5.4,5.4,9.2,34.0,187.0,116.0
243,Edson Álvarez,mx MEX,MF,25.0,31,28,1.0,1.0,2.0,11.0,0.0,1.3,0.6,1.9,20.0,91.0,26.0
244,Mohammed Kudus,gh GHA,"FW,MF",22.0,33,27,8.0,6.0,14.0,6.0,0.0,5.1,3.5,8.6,117.0,80.0,216.0
245,Nayef Aguerd,ma MAR,DF,27.0,21,21,1.0,0.0,1.0,3.0,1.0,1.5,0.3,1.8,10.0,68.0,3.0
246,Michail Antonio,jm JAM,FW,33.0,26,21,6.0,2.0,8.0,6.0,0.0,5.8,0.9,6.7,48.0,22.0,104.0
247,Konstantinos Mavropanos,gr GRE,DF,25.0,19,16,1.0,0.0,1.0,2.0,0.0,1.2,0.2,1.4,10.0,38.0,2.0
248,Łukasz Fabiański,pl POL,GK,38.0,10,7,0.0,0.0,0.0,0.0,0.0,0.0,0.0,0.0,0.0,1.0,0.0
249,Angelo Ogbonna,it ITA,DF,35.0,11,7,0.0,0.0,0.0,1.0,0.0,0.0,0.0,0.0,2.0,4.0,0.0
250,Saïd Benrahma,dz ALG,"FW,MF",27.0,13,5,0.0,1.0,1.0,1.0,0.0,1.8,1.4,2.5,28.0,28.0,70.0
251,Ben Johnson,eng ENG,"DF,FW",23.0,14,4,0.0,0.0,0.0,1.0,0.0,0.2,0.0,0.2,17.0,22.0,33.0
252,Aaron Cresswell,eng ENG,"DF,FW",33.0,11,4,0.0,0.0,0.0,1.0,0.0,0.0,0.4,0.4,4.0,26.0,6.0
253,Pablo Fornals,es ESP,"MF,FW",27.0,15,4,0.0,0.0,0.0,0.0,0.0,0.3,0.3,0.6,4.0,29.0,27.0
254,Danny Ings,eng ENG,FW,31.0,20,3,1.0,0.0,1.0,1.0,0.0,1.3,0.3,1.5,7.0,8.0,29.0
255,Kalvin Phillips,eng ENG,MF,27.0,8,3,0.0,0.0,0.0,3.0,1.0,0.1,0.0,0.1,3.0,19.0,4.0
256,Maxwel Cornet,ci CIV,"MF,FW",26.0,7,1,1.0,0.0,1.0,0.0,0.0,0.4,0.2,0.6,3.0,2.0,8.0
257,Divin Mubama,eng ENG,FW,18.0,5,0,0.0,0.0,0.0,0.0,0.0,0.1,0.0,0.1,0.0,0.0,5.0
258,George Earthy,eng ENG,FW,18.0,3,0,1.0,0.0,1.0,0.0,0.0,0.3,0.0,0.3,0.0,1.0,3.0
259,Thilo Kehrer,de GER,"DF,MF",26.0,4,0,0.0,0.0,0.0,2.0,0.0,0.0,0.0,0.0,0.0,1.0,1.0
260,Kaelan Casey,eng ENG,DF,18.0,1,0,0.0,0.0,0.0,0.0,0.0,0.0,0.0,0.0,0.0,0.0,0.0
261,Joachim Andersen,dk DEN,DF,27.0,38,38,2.0,3.0,5.0,7.0,0.0,1.7,2.8,4.5,21.0,147.0,10.0
262,Tyrick Mitchell,eng ENG,"DF,MF",23.0,37,37,2.0,3.0,5.0,6.0,0.0,1.6,2.8,4.4,32.0,94.0,159.0
263,Jordan Ayew,gh GHA,"FW,MF",31.0,35,30,4.0,7.0,11.0,9.0,1.0,3.9,4.2,8.1,74.0,63.0,173.0
264,Jefferson Lerma,co COL,"MF,DF",28.0,28,27,1.0,1.0,2.0,8.0,0.0,2.7,2.2,4.8,14.0,106.0,51.0
265,Jean-Philippe Mateta,fr FRA,FW,26.0,35,25,16.0,5.0,21.0,3.0,0.0,10.9,3.1,12.5,29.0,25.0,135.0
266,Eberechi Eze,eng ENG,"MF,FW",25.0,27,24,11.0,4.0,15.0,3.0,0.0,9.1,5.2,13.5,68.0,93.0,139.0
267,Chris Richards,us USA,"DF,MF",23.0,26,23,1.0,1.0,2.0,3.0,0.0,0.6,0.4,1.0,1.0,43.0,1.0
268,Marc Guéhi,eng ENG,DF,23.0,25,23,0.0,1.0,1.0,2.0,0.0,0.6,0.6,1.2,15.0,67.0,7.0
269,Joel Ward,eng ENG,DF,33.0,26,23,0.0,1.0,1.0,4.0,0.0,0.9,0.2,1.1,16.0,66.0,14.0
270,Will Hughes,eng ENG,MF,28.0,30,23,0.0,1.0,1.0,6.0,0.0,0.3,1.1,1.5,14.0,76.0,17.0
271,Sam Johnstone,eng ENG,GK,30.0,20,20,0.0,0.0,0.0,1.0,0.0,0.0,0.0,0.0,0.0,0.0,0.0
272,Dean Henderson,eng ENG,GK,26.0,18,18,0.0,0.0,0.0,2.0,0.0,0.0,0.0,0.0,0.0,0.0,0.0
273,Odsonne Édouard,fr FRA,"FW,MF",25.0,30,17,7.0,0.0,7.0,4.0,0.0,6.2,1.2,7.4,33.0,36.0,100.0
274,Jeffrey Schlupp,gh GHA,"FW,MF",30.0,29,17,2.0,2.0,4.0,1.0,0.0,1.8,2.3,4.1,20.0,33.0,52.0
275,Daniel Muñoz,co COL,"DF,MF",27.0,16,16,0.0,4.0,4.0,4.0,0.0,1.2,2.4,3.7,25.0,38.0,80.0
276,Adam Wharton,eng ENG,MF,19.0,16,15,0.0,3.0,3.0,2.0,0.0,0.3,2.4,2.8,14.0,79.0,10.0
277,Nathaniel Clyne,eng ENG,DF,32.0,19,14,0.0,0.0,0.0,0.0,0.0,0.2,0.2,0.4,10.0,33.0,18.0
278,Michael Olise,fr FRA,"FW,MF",21.0,19,14,10.0,6.0,16.0,0.0,0.0,5.5,5.8,10.5,68.0,78.0,134.0
279,Cheick Doucouré,ml MLI,MF,23.0,11,11,0.0,0.0,0.0,2.0,0.0,0.3,0.7,1.0,9.0,49.0,5.0
280,Jaïro Riedewald,nl NED,"MF,FW",26.0,9,2,0.0,0.0,0.0,0.0,0.0,0.0,0.0,0.0,3.0,10.0,3.0
281,Matheus França,br BRA,"MF,FW",19.0,10,1,0.0,1.0,1.0,1.0,0.0,0.4,0.9,1.2,12.0,8.0,12.0
282,Naouirou Ahamada,fr FRA,"MF,FW",21.0,20,0,0.0,0.0,0.0,4.0,1.0,0.5,0.0,0.5,19.0,25.0,20.0
283,David Ozoh,eng ENG,"MF,DF",18.0,9,0,0.0,0.0,0.0,1.0,0.0,0.0,0.0,0.0,2.0,4.0,3.0
284,Jesurun Rak Sakyi,eng ENG,"MF,FW",20.0,6,0,0.0,0.0,0.0,0.0,0.0,0.4,0.2,0.6,7.0,2.0,18.0
285,James Tomkins,eng ENG,DF,34.0,4,0,0.0,0.0,0.0,0.0,0.0,0.0,0.0,0.0,0.0,1.0,0.0
286,Remi Matthews,eng ENG,GK,29.0,1,0,0.0,0.0,0.0,0.0,0.0,0.0,0.0,0.0,0.0,0.0,0.0
287,Bernd Leno,de GER,GK,31.0,38,38,0.0,0.0,0.0,3.0,0.0,0.0,0.0,0.0,0.0,0.0,0.0
288,Antonee Robinson,us USA,DF,25.0,37,37,0.0,6.0,6.0,6.0,0.0,0.7,4.2,4.8,99.0,129.0,194.0
289,Andreas Pereira,br BRA,MF,27.0,37,34,3.0,7.0,10.0,6.0,0.0,4.6,7.1,11.7,56.0,138.0,125.0
290,João Palhinha,pt POR,MF,28.0,33,31,4.0,1.0,5.0,13.0,0.0,3.3,0.8,4.1,8.0,97.0,14.0
291,Timothy Castagne,be BEL,DF,27.0,34,29,1.0,3.0,4.0,3.0,0.0,1.6,1.9,3.5,48.0,77.0,113.0
292,Calvin Bassey,ng NGA,DF,23.0,29,25,1.0,0.0,1.0,6.0,1.0,0.3,0.0,0.4,15.0,62.0,4.0
293,Alex Iwobi,ng NGA,"FW,MF",27.0,30,25,5.0,2.0,7.0,2.0,0.0,5.3,4.7,10.0,109.0,147.0,175.0
294,Willian,br BRA,FW,34.0,31,24,4.0,2.0,6.0,1.0,0.0,5.1,3.9,7.5,92.0,153.0,181.0
295,Tosin Adarabioyo,eng ENG,DF,25.0,20,18,2.0,0.0,2.0,2.0,0.0,0.7,0.1,0.8,10.0,62.0,5.0
296,Rodrigo Muniz,br BRA,FW,22.0,26,18,9.0,1.0,10.0,1.0,0.0,8.7,2.0,10.7,8.0,19.0,76.0
297,Raúl Jiménez,mx MEX,FW,32.0,24,18,7.0,0.0,7.0,3.0,1.0,5.2,1.5,6.6,11.0,24.0,87.0
298,Tim Ream,us USA,DF,35.0,18,17,1.0,0.0,1.0,4.0,1.0,1.0,0.0,1.0,11.0,65.0,3.0
299,Bobby Reid,jm JAM,FW,30.0,33,17,6.0,2.0,8.0,4.0,0.0,4.6,1.8,6.4,35.0,47.0,95.0
300,Harry Wilson,wls WAL,FW,26.0,35,16,4.0,6.0,10.0,6.0,0.0,3.4,3.5,6.8,41.0,60.0,130.0
301,Issa Diop,fr FRA,DF,26.0,18,16,0.0,0.0,0.0,4.0,1.0,0.3,0.0,0.3,11.0,66.0,1.0
302,Harrison Reed,eng ENG,MF,28.0,27,15,0.0,2.0,2.0,6.0,0.0,0.3,1.1,1.4,10.0,56.0,40.0
303,Tom Cairney,sct SCO,MF,32.0,34,14,1.0,4.0,5.0,3.0,0.0,1.1,2.3,3.4,35.0,145.0,72.0
304,Saša Lukić,rs SRB,MF,26.0,24,13,1.0,0.0,1.0,3.0,0.0,1.6,0.8,2.4,12.0,43.0,27.0
305,Kenny Tete,nl NED,DF,27.0,14,10,1.0,0.0,1.0,2.0,0.0,0.9,0.4,1.2,20.0,54.0,38.0
306,Carlos Vinícius,br BRA,FW,28.0,13,2,2.0,0.0,2.0,2.0,0.0,1.6,0.8,2.4,3.0,3.0,13.0
307,Adama Traoré,es ESP,"FW,MF",27.0,17,1,2.0,3.0,5.0,2.0,0.0,1.5,0.7,2.2,29.0,16.0,48.0
308,Armando Broja,al ALB,FW,21.0,8,0,0.0,1.0,1.0,0.0,0.0,0.0,0.4,0.4,2.0,2.0,7.0
309,Luke Harris,wls WAL,MF,18.0,1,0,0.0,0.0,0.0,0.0,0.0,0.3,0.0,0.3,0.0,1.0,0.0
310,Fodé Ballo-Touré,sn SEN,"DF,MF",26.0,6,0,0.0,0.0,0.0,1.0,0.0,0.0,0.0,0.0,5.0,0.0,4.0
311,Aleksandar Mitrović,rs SRB,FW,28.0,1,0,0.0,0.0,0.0,0.0,0.0,0.2,0.0,0.2,0.0,1.0,0.0
312,Jordan Pickford,eng ENG,GK,29.0,38,38,0.0,0.0,0.0,5.0,0.0,0.0,0.1,0.1,1.0,6.0,0.0
313,James Tarkowski,eng ENG,DF,30.0,38,38,1.0,1.0,2.0,11.0,0.0,2.6,2.5,5.1,15.0,130.0,20.0
314,Jarrad Branthwaite,eng ENG,DF,21.0,35,35,3.0,0.0,3.0,8.0,0.0,1.7,1.0,2.8,2.0,74.0,6.0
315,James Garner,eng ENG,MF,22.0,37,34,1.0,2.0,3.0,7.0,0.0,2.7,4.6,7.3,36.0,100.0,76.0
316,Dwight McNeil,eng ENG,"MF,FW",23.0,35,33,3.0,6.0,9.0,2.0,0.0,3.4,8.8,12.2,80.0,114.0,147.0
317,Abdoulaye Doucouré,ml MLI,"FW,MF",30.0,32,32,7.0,1.0,8.0,7.0,0.0,8.8,2.9,11.6,55.0,97.0,140.0
318,Vitaliy Mykolenko,ua UKR,DF,24.0,28,28,2.0,0.0,2.0,1.0,0.0,1.5,0.9,2.4,14.0,55.0,68.0
319,Ashley Young,eng ENG,"DF,MF",38.0,31,27,0.0,0.0,0.0,7.0,1.0,0.6,1.5,2.1,40.0,82.0,61.0
320,Dominic Calvert-Lewin,eng ENG,FW,26.0,32,26,7.0,2.0,9.0,2.0,0.0,12.9,3.1,14.5,36.0,31.0,122.0
321,Jack Harrison,eng ENG,"MF,FW",26.0,29,25,3.0,3.0,6.0,1.0,0.0,3.6,3.4,7.0,65.0,62.0,135.0
322,Idrissa Gana Gueye,sn SEN,MF,33.0,25,24,4.0,0.0,4.0,8.0,0.0,1.3,1.1,2.4,29.0,83.0,41.0
323,Amadou Onana,be BEL,MF,21.0,30,23,2.0,0.0,2.0,5.0,0.0,2.0,2.7,4.7,21.0,107.0,39.0
324,Ben Godfrey,eng ENG,DF,25.0,15,13,0.0,0.0,0.0,2.0,0.0,1.7,0.3,2.0,11.0,43.0,26.0
325,Nathan Patterson,sct SCO,DF,21.0,20,9,0.0,2.0,2.0,4.0,0.0,0.3,1.7,2.0,17.0,38.0,39.0
326,Beto,gw GNB,FW,25.0,30,9,3.0,0.0,3.0,2.0,0.0,6.8,0.9,6.9,14.0,14.0,58.0
327,Séamus Coleman,ie IRL,DF,34.0,12,7,0.0,0.0,0.0,0.0,0.0,0.0,1.0,1.0,5.0,22.0,16.0
328,Arnaut Danjuma,nl NED,"MF,FW",26.0,14,5,1.0,0.0,1.0,0.0,0.0,2.6,1.1,3.7,24.0,9.0,44.0
329,Michael Keane,eng ENG,DF,30.0,9,4,1.0,0.0,1.0,2.0,0.0,0.7,0.0,0.7,4.0,14.0,3.0
330,André Gomes,pt POR,"MF,FW",30.0,12,3,1.0,0.0,1.0,4.0,0.0,0.3,0.4,0.7,8.0,36.0,29.0
331,Alex Iwobi,ng NGA,MF,27.0,2,2,0.0,0.0,0.0,0.0,0.0,0.3,0.2,0.5,6.0,4.0,8.0
332,Lewis Dobbin,eng ENG,MF,20.0,12,1,1.0,0.0,1.0,1.0,0.0,0.3,0.5,0.8,6.0,3.0,20.0
333,Youssef Chermiti,pt POR,FW,19.0,18,1,0.0,0.0,0.0,3.0,0.0,0.7,0.8,1.5,5.0,5.0,15.0
334,Neal Maupay,fr FRA,FW,26.0,2,1,0.0,0.0,0.0,0.0,0.0,1.4,0.1,1.5,1.0,0.0,6.0
335,Thomas Cannon,ie IRL,FW,20.0,1,0,0.0,0.0,0.0,0.0,0.0,0.0,0.0,0.0,0.0,0.0,0.0
336,Tyler Onyango,eng ENG,MF,20.0,1,0,0.0,0.0,0.0,0.0,0.0,0.0,0.0,0.0,0.0,0.0,0.0
337,Lewis Warrington,eng ENG,FW,20.0,1,0,0.0,0.0,0.0,0.0,0.0,0.0,0.0,0.0,0.0,0.0,0.0
338,Pascal Groß,de GER,"MF,DF",32.0,36,34,4.0,10.0,14.0,6.0,0.0,6.5,8.1,13.8,83.0,302.0,180.0
339,Lewis Dunk,eng ENG,DF,31.0,33,33,3.0,1.0,4.0,7.0,1.0,3.1,0.9,4.0,33.0,152.0,13.0
340,Jan Paul van Hecke,nl NED,DF,23.0,28,26,0.0,0.0,0.0,4.0,0.0,1.2,0.9,2.1,25.0,147.0,7.0
341,Simon Adingra,ci CIV,FW,21.0,31,25,6.0,1.0,7.0,3.0,0.0,4.3,3.7,8.0,111.0,50.0,278.0
342,Billy Gilmour,sct SCO,MF,22.0,30,24,0.0,1.0,1.0,8.0,1.0,1.0,2.0,3.0,39.0,193.0,33.0
343,Bart Verbruggen,nl NED,GK,20.0,21,21,0.0,0.0,0.0,3.0,0.0,0.0,0.0,0.0,0.0,3.0,0.0
344,Danny Welbeck,eng ENG,"FW,MF",32.0,29,21,5.0,1.0,6.0,4.0,0.0,5.3,1.7,7.0,32.0,44.0,100.0
345,João Pedro,br BRA,"FW,MF",21.0,31,19,9.0,3.0,12.0,2.0,0.0,11.9,3.8,11.7,83.0,92.0,205.0
346,Igor,br BRA,DF,25.0,24,17,0.0,0.0,0.0,4.0,0.0,0.3,0.7,1.0,30.0,107.0,12.0
347,Joël Veltman,nl NED,DF,31.0,27,17,1.0,1.0,2.0,4.0,0.0,0.4,0.5,0.9,24.0,85.0,54.0
348,Jason Steele,eng ENG,GK,32.0,17,17,0.0,0.0,0.0,0.0,0.0,0.0,0.0,0.0,0.0,0.0,0.0
349,Facundo Buonanotte,ar ARG,"FW,MF",18.0,27,17,3.0,1.0,4.0,7.0,0.0,2.4,1.8,4.2,23.0,42.0,69.0
350,Kaoru Mitoma,jp JPN,FW,26.0,19,15,3.0,4.0,7.0,4.0,0.0,3.5,2.7,6.2,121.0,64.0,239.0
351,Evan Ferguson,ie IRL,FW,18.0,27,15,6.0,0.0,6.0,1.0,0.0,4.6,0.5,5.1,13.0,15.0,62.0
352,Carlos Baleba,cm CMR,MF,19.0,27,15,0.0,0.0,0.0,7.0,0.0,0.8,0.3,1.1,19.0,50.0,9.0
353,Pervis Estupiñán,ec ECU,DF,25.0,19,15,2.0,3.0,5.0,4.0,0.0,1.0,3.5,4.4,47.0,83.0,88.0
354,Adam Webster,eng ENG,DF,28.0,15,13,0.0,0.0,0.0,2.0,0.0,0.4,0.1,0.6,16.0,80.0,2.0
355,Adam Lallana,eng ENG,"MF,FW",35.0,25,13,0.0,1.0,1.0,2.0,0.0,0.8,1.7,2.5,9.0,39.0,55.0
356,James Milner,eng ENG,"DF,MF",37.0,15,11,0.0,2.0,2.0,3.0,0.0,0.3,1.8,2.0,11.0,69.0,73.0
357,Tariq Lamptey,gh GHA,"DF,FW",22.0,19,10,0.0,3.0,3.0,3.0,0.0,0.4,1.2,1.7,39.0,17.0,64.0
358,Jack Hinshelwood,eng ENG,DF,18.0,12,8,3.0,0.0,3.0,1.0,0.0,1.9,0.7,2.5,16.0,19.0,38.0
359,Solly March,eng ENG,"FW,DF",29.0,7,7,3.0,1.0,4.0,1.0,0.0,2.0,1.0,2.9,14.0,24.0,44.0
360,Jakub Moder,pl POL,"MF,DF",24.0,17,6,0.0,0.0,0.0,2.0,0.0,0.6,0.8,1.3,10.0,23.0,26.0
361,Mahmoud Dahoud,de GER,MF,27.0,9,6,0.0,1.0,1.0,1.0,1.0,0.2,0.9,1.1,4.0,11.0,6.0
362,Julio Enciso,py PAR,"MF,FW",19.0,12,5,0.0,2.0,2.0,2.0,0.0,1.4,1.7,3.2,28.0,21.0,29.0
363,Ansu Fati,es ESP,"MF,FW",20.0,19,3,2.0,0.0,2.0,2.0,0.0,3.4,0.8,4.2,16.0,28.0,50.0
364,Valentín Barco,ar ARG,"DF,FW",19.0,6,3,0.0,0.0,0.0,1.0,0.0,0.2,0.2,0.4,8.0,14.0,20.0
365,Odeluga Offiah,eng ENG,DF,20.0,4,1,0.0,0.0,0.0,0.0,0.0,0.0,0.0,0.0,9.0,4.0,9.0
366,Mark O'Mahony,ie IRL,FW,18.0,3,1,0.0,0.0,0.0,1.0,0.0,0.1,0.0,0.1,0.0,0.0,0.0
367,Benicio Boaitey,eng ENG,"FW,DF",19.0,5,0,0.0,0.0,0.0,1.0,0.0,0.0,0.1,0.1,1.0,2.0,2.0
368,Illia Zabarnyi,ua UKR,DF,20.0,37,37,1.0,0.0,1.0,5.0,0.0,1.1,0.4,1.5,24.0,109.0,1.0
369,Dominic Solanke,eng ENG,FW,25.0,38,37,19.0,3.0,22.0,3.0,0.0,19.6,3.0,20.3,52.0,60.0,184.0
370,Ryan Christie,sct SCO,MF,28.0,37,35,0.0,5.0,5.0,6.0,0.0,2.3,5.4,7.7,60.0,167.0,78.0
371,Neto,br BRA,GK,34.0,32,32,0.0,0.0,0.0,5.0,0.0,0.0,0.0,0.0,0.0,0.0,0.0
372,Lewis Cook,eng ENG,MF,26.0,33,32,0.0,3.0,3.0,5.0,1.0,0.4,4.3,4.6,22.0,142.0,15.0
373,Marcos Senesi,ar ARG,DF,26.0,31,26,4.0,5.0,9.0,13.0,0.0,2.0,1.7,3.7,31.0,127.0,4.0
374,Justin Kluivert,nl NED,"MF,FW",24.0,32,26,7.0,1.0,8.0,5.0,0.0,6.2,1.9,8.1,65.0,50.0,114.0
375,Adam Smith,eng ENG,DF,32.0,28,25,0.0,2.0,2.0,6.0,0.0,0.1,1.3,1.4,24.0,89.0,28.0
376,Marcus Tavernier,eng ENG,FW,24.0,30,25,3.0,4.0,7.0,3.0,0.0,3.9,5.2,9.1,79.0,84.0,171.0
377,Antoine Semenyo,gh GHA,FW,23.0,33,25,8.0,2.0,10.0,6.0,0.0,4.6,3.2,7.8,89.0,64.0,188.0
378,Milos Kerkez,hu HUN,DF,19.0,28,22,0.0,1.0,1.0,4.0,1.0,1.2,0.8,2.0,46.0,44.0,93.0
379,Lloyd Kelly,eng ENG,DF,24.0,23,17,0.0,1.0,1.0,2.0,0.0,0.3,1.2,1.6,15.0,56.0,28.0
380,Philip Billing,dk DEN,MF,27.0,29,13,2.0,2.0,4.0,3.0,1.0,2.5,3.2,5.7,22.0,53.0,63.0
381,Max Aarons,eng ENG,DF,23.0,20,13,0.0,1.0,1.0,1.0,0.0,0.0,0.8,0.9,22.0,43.0,26.0
382,Dango Ouattara,bf BFA,"FW,DF",21.0,30,12,1.0,2.0,3.0,3.0,0.0,2.6,1.5,4.1,47.0,35.0,90.0
383,Alex Scott,eng ENG,MF,19.0,23,11,1.0,1.0,2.0,3.0,0.0,0.7,1.7,2.4,24.0,50.0,35.0
384,Luis Sinisterra,co COL,"FW,MF",24.0,20,7,2.0,2.0,4.0,0.0,0.0,2.5,2.4,5.0,51.0,38.0,85.0
385,Chris Mepham,wls WAL,DF,25.0,10,6,0.0,1.0,1.0,2.0,0.0,0.1,0.4,0.5,4.0,25.0,1.0
386,Mark Travers,ie IRL,GK,24.0,4,4,0.0,0.0,0.0,0.0,0.0,0.0,0.0,0.0,0.0,0.0,0.0
387,Joe Rothwell,eng ENG,MF,28.0,11,3,0.0,0.0,0.0,0.0,0.0,0.1,0.2,0.3,6.0,20.0,3.0
388,Enes Ünal,tr TUR,"FW,MF",26.0,16,2,2.0,2.0,4.0,1.0,0.0,2.9,1.0,3.9,4.0,7.0,28.0
389,David Brooks,wls WAL,"FW,MF",26.0,13,2,1.0,1.0,2.0,1.0,0.0,2.2,1.0,3.2,8.0,21.0,27.0
390,Ionuț Radu,ro ROU,GK,26.0,2,2,0.0,0.0,0.0,0.0,0.0,0.0,0.0,0.0,0.0,0.0,0.0
391,Jaidon Anthony,eng ENG,FW,23.0,3,2,0.0,0.0,0.0,1.0,0.0,0.1,0.0,0.1,2.0,8.0,9.0
392,Tyler Adams,us USA,MF,24.0,3,1,0.0,0.0,0.0,0.0,0.0,0.0,0.1,0.1,4.0,5.0,1.0
393,James Hill,eng ENG,DF,21.0,5,1,0.0,0.0,0.0,0.0,0.0,0.0,0.0,0.0,0.0,5.0,1.0
394,Kieffer Moore,wls WAL,"FW,MF",30.0,8,0,1.0,0.0,1.0,0.0,0.0,1.5,0.2,1.7,2.0,4.0,15.0
395,Hamed Junior Traorè,ci CIV,MF,23.0,3,0,0.0,0.0,0.0,0.0,0.0,0.2,0.0,0.2,2.0,3.0,4.0
396,Romain Faivre,fr FRA,"MF,FW",25.0,5,0,0.0,0.0,0.0,1.0,0.0,0.2,0.0,0.2,4.0,5.0,4.0
397,Dominic Sadi,eng ENG,FW,19.0,1,0,0.0,0.0,0.0,0.0,0.0,0.0,0.0,0.0,0.0,0.0,0.0
398,Max Kilman,eng ENG,DF,26.0,38,38,2.0,0.0,2.0,7.0,0.0,1.8,1.4,3.2,22.0,117.0,5.0
399,Nélson Semedo,pt POR,"DF,MF",29.0,36,36,0.0,1.0,1.0,10.0,1.0,1.3,1.7,3.0,103.0,138.0,150.0
400,José Sá,pt POR,GK,30.0,35,35,0.0,1.0,1.0,1.0,0.0,0.0,0.0,0.0,0.0,1.0,0.0
401,Mario Lemina,ga GAB,MF,29.0,35,34,4.0,1.0,5.0,12.0,1.0,4.6,1.5,6.2,32.0,76.0,49.0
402,João Gomes,br BRA,MF,22.0,34,32,2.0,1.0,3.0,11.0,0.0,1.7,1.1,2.8,28.0,101.0,44.0
403,Toti Gomes,pt POR,DF,24.0,35,31,1.0,3.0,4.0,7.0,0.0,1.6,1.2,2.8,22.0,79.0,11.0
404,Matheus Cunha,br BRA,"FW,MF",24.0,32,29,12.0,7.0,19.0,9.0,0.0,9.5,3.2,11.9,107.0,87.0,139.0
405,Rayan Aït-Nouri,dz ALG,"DF,MF",22.0,33,29,2.0,1.0,3.0,7.0,0.0,3.3,2.4,5.6,67.0,99.0,99.0
406,Craig Dawson,eng ENG,DF,33.0,25,25,1.0,1.0,2.0,7.0,0.0,1.5,1.4,2.9,1.0,49.0,4.0
407,Hwang Hee-chan,kr KOR,"FW,MF",27.0,29,25,12.0,3.0,15.0,6.0,0.0,7.7,3.0,9.9,37.0,37.0,120.0
408,Pablo Sarabia,es ESP,"MF,FW",31.0,30,20,4.0,7.0,11.0,5.0,0.0,5.5,5.9,9.8,41.0,109.0,137.0
409,Pedro Neto,pt POR,"FW,MF",23.0,20,18,2.0,9.0,11.0,4.0,0.0,3.5,4.4,7.9,98.0,54.0,149.0
410,Tommy Doyle,eng ENG,MF,21.0,26,11,0.0,0.0,0.0,2.0,0.0,0.4,0.4,0.9,21.0,81.0,17.0
411,Jean-Ricner Bellegarde,fr FRA,"MF,FW",25.0,22,10,2.0,1.0,3.0,0.0,1.0,1.6,1.0,2.5,30.0,39.0,49.0
412,Matt Doherty,ie IRL,"DF,MF",31.0,30,9,1.0,0.0,1.0,2.0,0.0,0.8,1.3,2.2,12.0,31.0,64.0
413,Santiago Bueno,uy URU,DF,24.0,12,9,0.0,0.0,0.0,1.0,0.0,0.0,0.1,0.1,3.0,11.0,2.0
414,Boubacar Traoré,ml MLI,MF,21.0,24,7,0.0,0.0,0.0,4.0,0.0,0.3,0.4,0.7,9.0,29.0,15.0
415,Hugo Bueno,es ESP,"DF,MF",20.0,22,7,0.0,0.0,0.0,1.0,0.0,0.3,0.8,1.0,22.0,8.0,40.0
416,Daniel Bentley,eng ENG,GK,30.0,5,3,0.0,0.0,0.0,0.0,0.0,0.0,0.0,0.0,0.0,0.0,0.0
417,Fábio Silva,pt POR,FW,21.0,8,3,0.0,0.0,0.0,2.0,0.0,1.0,0.2,1.2,5.0,10.0,13.0
418,Matheus Nunes,pt POR,MF,24.0,2,2,0.0,0.0,0.0,2.0,1.0,0.1,0.1,0.2,7.0,8.0,9.0
419,Leon Chiwome,eng ENG,FW,17.0,3,2,0.0,0.0,0.0,0.0,0.0,0.1,0.0,0.1,1.0,2.0,7.0
420,Nathan Fraser,ie IRL,FW,18.0,7,1,0.0,0.0,0.0,1.0,0.0,0.3,0.1,0.4,1.0,2.0,21.0
421,Sasa Kalajdzic,at AUT,FW,26.0,11,1,2.0,0.0,2.0,0.0,0.0,1.1,1.0,2.0,1.0,5.0,9.0
422,Tawanda Chirewa,zw ZIM,"MF,FW",19.0,8,1,0.0,0.0,0.0,1.0,0.0,0.2,0.0,0.2,1.0,7.0,8.0
423,Jonny Castro,es ESP,MF,29.0,1,0,0.0,0.0,0.0,0.0,0.0,0.0,0.0,0.0,0.0,0.0,0.0
424,Enso Gonzalez,py PAR,"MF,DF",18.0,1,0,0.0,0.0,0.0,0.0,0.0,0.0,0.0,0.0,0.0,0.0,2.0
425,Mark Flekken,nl NED,GK,30.0,37,37,0.0,1.0,1.0,3.0,0.0,0.0,0.5,0.5,0.0,5.0,0.0
426,Vitaly Janelt,de GER,"MF,DF",25.0,38,37,1.0,3.0,4.0,8.0,0.0,1.8,4.8,6.5,25.0,123.0,81.0
427,Christian Nørgaard,dk DEN,MF,29.0,31,30,2.0,1.0,3.0,8.0,0.0,3.5,1.9,5.4,15.0,161.0,42.0
428,Nathan Collins,ie IRL,DF,22.0,32,29,1.0,1.0,2.0,3.0,0.0,1.7,2.2,3.9,11.0,97.0,18.0
429,Yoane Wissa,cd COD,FW,26.0,34,29,12.0,3.0,15.0,7.0,0.0,10.6,3.9,14.5,45.0,48.0,150.0
430,Ethan Pinnock,jm JAM,DF,30.0,29,28,2.0,0.0,2.0,1.0,0.0,2.0,1.0,3.0,11.0,61.0,16.0
431,Mathias Jensen,dk DEN,MF,27.0,32,27,3.0,3.0,6.0,5.0,0.0,0.7,4.0,4.7,19.0,123.0,66.0
432,Mads Roerslev,dk DEN,DF,24.0,34,22,1.0,2.0,3.0,1.0,0.0,0.9,1.8,2.7,18.0,43.0,90.0
433,Bryan Mbeumo,cm CMR,FW,23.0,25,22,9.0,6.0,15.0,2.0,0.0,9.8,4.6,12.1,74.0,88.0,195.0
434,Kristoffer Ajer,no NOR,DF,25.0,28,21,2.0,1.0,3.0,5.0,0.0,1.3,2.3,3.6,22.0,61.0,31.0
435,Ivan Toney,eng ENG,FW,27.0,17,16,4.0,2.0,6.0,5.0,0.0,6.0,1.5,7.4,23.0,40.0,98.0
436,Keane Lewis-Potter,eng ENG,"FW,DF",22.0,30,15,3.0,1.0,4.0,0.0,0.0,6.3,1.7,8.0,56.0,32.0,135.0
437,Ben Mee,eng ENG,DF,33.0,16,15,2.0,0.0,2.0,1.0,1.0,1.5,0.3,1.8,11.0,49.0,9.0
438,Sergio Reguilón,es ESP,DF,26.0,16,14,0.0,4.0,4.0,4.0,1.0,0.8,2.8,3.6,34.0,38.0,40.0
439,Neal Maupay,fr FRA,FW,26.0,29,13,6.0,3.0,9.0,8.0,0.0,5.7,2.3,8.1,21.0,37.0,91.0
440,Mathias Jørgensen,dk DEN,DF,33.0,14,12,1.0,0.0,1.0,4.0,0.0,0.7,0.9,1.7,5.0,50.0,4.0
441,Frank Onyeka,ng NGA,MF,25.0,26,11,1.0,2.0,3.0,8.0,0.0,2.2,1.8,4.0,17.0,33.0,39.0
442,Aaron Hickey,sct SCO,DF,21.0,9,9,0.0,0.0,0.0,5.0,0.0,0.2,0.1,0.3,9.0,21.0,13.0
443,Mikkel Damsgaard,dk DEN,MF,23.0,23,7,0.0,2.0,2.0,2.0,0.0,0.9,1.4,2.4,16.0,61.0,32.0
444,Saman Ghoddos,ir IRN,DF,29.0,19,7,1.0,0.0,1.0,5.0,0.0,0.3,1.1,1.4,22.0,36.0,31.0
445,Yehor Yarmoliuk,ua UKR,MF,19.0,27,6,0.0,0.0,0.0,2.0,0.0,1.0,0.1,1.1,13.0,35.0,36.0
446,Rico Henry,eng ENG,DF,26.0,5,5,0.0,1.0,1.0,1.0,0.0,0.1,1.0,1.1,13.0,20.0,12.0
447,Kevin Schade,de GER,"FW,MF",21.0,11,3,2.0,1.0,3.0,0.0,0.0,1.2,0.7,1.9,8.0,9.0,23.0
448,Shandon Baptiste,gd GRN,MF,25.0,10,2,1.0,1.0,2.0,1.0,0.0,0.9,0.2,1.1,3.0,5.0,1.0
449,Thomas Strakosha,al ALB,GK,28.0,2,1,0.0,0.0,0.0,0.0,0.0,0.0,0.0,0.0,0.0,0.0,0.0
450,Michael Olakigbe,eng ENG,"DF,FW",19.0,8,0,0.0,0.0,0.0,0.0,0.0,0.1,0.0,0.1,10.0,4.0,17.0
451,Josh Dasilva,eng ENG,"DF,FW",24.0,3,0,0.0,0.0,0.0,0.0,0.0,0.0,0.2,0.2,2.0,2.0,5.0
452,Myles Peart-Harris,eng ENG,"DF,MF",20.0,3,0,0.0,0.0,0.0,0.0,0.0,0.0,0.0,0.0,2.0,1.0,1.0
453,Morgan Gibbs-White,eng ENG,"MF,FW",23.0,37,35,5.0,10.0,15.0,9.0,0.0,6.9,8.4,14.6,80.0,170.0,181.0
454,Murillo,br BRA,DF,21.0,32,32,0.0,2.0,2.0,5.0,0.0,1.8,1.2,3.0,22.0,89.0,7.0
455,Anthony Elanga,se SWE,"FW,MF",21.0,36,25,5.0,9.0,14.0,1.0,0.0,6.6,6.7,13.3,98.0,49.0,196.0
456,Ryan Yates,eng ENG,MF,25.0,35,21,1.0,1.0,2.0,6.0,0.0,2.6,0.8,3.5,18.0,73.0,37.0
457,Callum Hudson-Odoi,eng ENG,"FW,MF",22.0,29,20,8.0,1.0,9.0,0.0,0.0,2.7,2.8,5.5,111.0,58.0,171.0
458,Chris Wood,nz NZL,FW,31.0,31,20,14.0,1.0,15.0,0.0,0.0,11.9,2.1,14.0,16.0,30.0,76.0
459,Danilo,br BRA,MF,22.0,29,20,2.0,2.0,4.0,4.0,0.0,1.8,1.5,3.4,22.0,83.0,28.0
460,Ola Aina,ng NGA,DF,26.0,22,20,1.0,1.0,2.0,3.0,0.0,0.3,0.9,1.2,53.0,68.0,38.0
461,Orel Mangala,be BEL,MF,25.0,20,19,1.0,0.0,1.0,6.0,0.0,0.8,0.2,1.1,13.0,45.0,14.0
462,Nicolás Domínguez,ar ARG,"MF,FW",25.0,26,19,2.0,2.0,4.0,4.0,0.0,1.3,1.0,2.3,14.0,91.0,43.0
463,Neco Williams,wls WAL,DF,22.0,26,18,0.0,1.0,1.0,4.0,0.0,0.8,1.6,2.5,48.0,47.0,86.0
464,Willy Boly,ci CIV,DF,32.0,20,18,2.0,1.0,3.0,3.0,1.0,1.5,1.3,2.8,4.0,32.0,3.0
465,Matt Turner,us USA,GK,29.0,17,17,0.0,0.0,0.0,2.0,0.0,0.0,0.0,0.0,0.0,0.0,0.0
466,Matz Sels,be BEL,GK,31.0,16,16,0.0,0.0,0.0,1.0,0.0,0.0,0.1,0.1,0.0,0.0,0.0
467,Moussa Niakhate,sn SEN,DF,27.0,21,15,1.0,0.0,1.0,5.0,1.0,1.1,0.1,1.2,13.0,39.0,6.0
468,Harry Toffolo,eng ENG,DF,27.0,23,15,1.0,3.0,4.0,3.0,0.0,1.6,1.5,3.2,10.0,42.0,34.0
469,Ibrahim Sangaré,ci CIV,MF,25.0,17,13,0.0,0.0,0.0,6.0,0.0,0.6,0.4,1.0,5.0,44.0,7.0
470,Taiwo Awoniyi,ng NGA,FW,25.0,20,12,6.0,3.0,9.0,2.0,0.0,4.7,1.7,6.4,8.0,14.0,45.0
471,Serge Aurier,ci CIV,"DF,MF",30.0,12,10,0.0,2.0,2.0,2.0,0.0,0.2,0.5,0.6,10.0,47.0,29.0
472,Gonzalo Montiel,ar ARG,DF,26.0,14,8,0.0,2.0,2.0,5.0,0.0,0.1,1.4,1.5,10.0,28.0,32.0
473,Andrew Omobamidele,ie IRL,DF,21.0,11,8,0.0,0.0,0.0,2.0,0.0,0.1,0.1,0.2,1.0,8.0,0.0
474,Divock Origi,be BEL,FW,28.0,20,6,0.0,1.0,1.0,1.0,0.0,1.4,2.1,3.5,19.0,14.0,41.0
475,Nuno Tavares,pt POR,DF,23.0,8,5,0.0,0.0,0.0,2.0,0.0,0.2,0.5,0.7,14.0,24.0,12.0
476,Odisseas Vlachodimos,gr GRE,GK,29.0,5,5,0.0,0.0,0.0,0.0,0.0,0.0,0.0,0.0,0.0,1.0,0.0
477,Joe Worrall,eng ENG,DF,26.0,7,5,0.0,0.0,0.0,0.0,1.0,0.1,0.2,0.3,0.0,8.0,1.0
478,Scott McKenna,sct SCO,DF,26.0,5,5,0.0,0.0,0.0,0.0,0.0,0.2,0.2,0.4,1.0,10.0,0.0
479,Felipe,br BRA,DF,34.0,7,4,0.0,0.0,0.0,4.0,0.0,0.1,0.1,0.2,1.0,6.0,0.0
480,Brennan Johnson,wls WAL,"FW,MF",22.0,3,3,0.0,0.0,0.0,0.0,0.0,0.3,0.2,0.5,8.0,1.0,14.0
481,Gio Reyna,us USA,"FW,MF",20.0,9,2,0.0,1.0,1.0,0.0,0.0,0.3,0.5,0.8,3.0,12.0,14.0
482,Cheikhou Kouyaté,sn SEN,MF,33.0,12,2,0.0,0.0,0.0,2.0,0.0,0.3,0.0,0.3,0.0,5.0,5.0
483,Rodrigo Ribeiro,pt POR,"MF,FW",18.0,4,0,0.0,0.0,0.0,0.0,0.0,0.0,0.0,0.0,2.0,2.0,1.0
484,Andrey Santos,br BRA,MF,19.0,1,0,0.0,0.0,0.0,0.0,0.0,0.1,0.0,0.1,0.0,0.0,0.0
485,Brandon Aguilera,cr CRC,FW,20.0,1,0,0.0,0.0,0.0,0.0,0.0,0.0,0.0,0.0,0.0,0.0,1.0
486,Thomas Kaminski,be BEL,GK,30.0,38,38,0.0,0.0,0.0,3.0,0.0,0.0,0.0,0.0,0.0,1.0,0.0
487,Alfie Doughty,eng ENG,DF,23.0,37,34,2.0,8.0,10.0,5.0,0.0,1.3,6.3,7.6,94.0,106.0,164.0
488,Carlton Morris,eng ENG,"FW,MF",27.0,38,32,11.0,4.0,15.0,4.0,0.0,11.4,2.8,10.2,37.0,56.0,120.0
489,Ross Barkley,eng ENG,MF,29.0,32,30,5.0,4.0,9.0,6.0,0.0,4.1,3.7,7.9,48.0,163.0,39.0
490,Teden Mengi,eng ENG,DF,21.0,30,28,1.0,0.0,1.0,3.0,0.0,0.6,0.3,0.9,15.0,54.0,1.0
491,Gabriel Osho,ng NGA,DF,24.0,21,21,2.0,0.0,2.0,3.0,0.0,1.1,0.1,1.2,10.0,37.0,4.0
492,Issa Kaboré,bf BFA,DF,22.0,24,21,0.0,2.0,2.0,7.0,0.0,0.2,2.1,2.3,60.0,54.0,85.0
493,Amari'i Bell,jm JAM,DF,29.0,21,21,0.0,0.0,0.0,0.0,0.0,0.3,0.5,0.7,32.0,76.0,10.0
494,Chiedozie Ogbene,ie IRL,"MF,DF",26.0,30,20,4.0,1.0,5.0,1.0,0.0,4.2,3.1,7.4,127.0,53.0,150.0
495,Tahith Chong,nl NED,"MF,FW",23.0,33,20,4.0,0.0,4.0,4.0,0.0,2.7,0.5,3.2,57.0,72.0,101.0
496,Reece Burke,eng ENG,DF,26.0,22,20,0.0,4.0,4.0,5.0,0.0,1.3,1.4,2.7,11.0,67.0,14.0
497,Elijah Adebayo,eng ENG,FW,25.0,27,16,10.0,0.0,10.0,1.0,0.0,5.9,0.7,6.6,16.0,23.0,110.0
498,Albert Sambi Lokonga,be BEL,MF,23.0,17,16,1.0,3.0,4.0,4.0,0.0,0.6,1.4,2.0,29.0,72.0,13.0
499,Jordan Clark,eng ENG,MF,29.0,23,14,1.0,1.0,2.0,4.0,0.0,1.0,1.3,2.2,21.0,51.0,39.0
500,Andros Townsend,eng ENG,"MF,FW",32.0,27,14,1.0,3.0,4.0,1.0,0.0,1.2,1.3,2.5,47.0,35.0,71.0
501,Tom Lockyer,wls WAL,DF,28.0,14,14,1.0,1.0,2.0,4.0,0.0,1.1,0.6,1.7,6.0,37.0,2.0
502,Marvelous Nakamba,zw ZIM,MF,29.0,13,13,0.0,0.0,0.0,5.0,0.0,0.2,0.4,0.6,1.0,36.0,5.0
503,Jacob Brown,sct SCO,"MF,FW",25.0,19,12,2.0,0.0,2.0,4.0,0.0,2.8,0.7,3.4,25.0,19.0,53.0
504,Pelly Ruddock Mpanzu,cd COD,MF,30.0,27,11,0.0,0.0,0.0,1.0,0.0,0.6,0.4,1.1,10.0,34.0,15.0
505,Daiki Hashioka,jp JPN,DF,24.0,10,6,0.0,0.0,0.0,0.0,0.0,0.1,0.7,0.8,3.0,21.0,16.0
506,Ryan John Giles,eng ENG,"DF,MF",23.0,11,5,0.0,0.0,0.0,0.0,0.0,0.1,0.2,0.3,9.0,17.0,30.0
507,Fred Onyedinma,eng ENG,"DF,MF",26.0,8,4,0.0,0.0,0.0,1.0,0.0,0.2,0.1,0.3,9.0,6.0,21.0
508,Mads Juel Andersen,dk DEN,DF,25.0,8,4,1.0,0.0,1.0,1.0,0.0,0.3,0.0,0.3,0.0,7.0,1.0
509,Cauley Woodrow,eng ENG,"FW,MF",28.0,24,2,1.0,1.0,2.0,2.0,0.0,1.4,1.2,2.6,7.0,6.0,22.0
510,Luke Berry,eng ENG,"MF,DF",31.0,17,2,2.0,1.0,3.0,1.0,0.0,1.0,0.3,1.3,1.0,8.0,7.0
511,Joseph Johnson,eng ENG,DF,17.0,2,0,0.0,0.0,0.0,1.0,0.0,0.0,0.0,0.0,0.0,2.0,1.0
512,James Shea,eng ENG,GK,32.0,1,0,0.0,0.0,0.0,0.0,0.0,0.0,0.0,0.0,0.0,0.0,0.0
513,Zack Nelson,eng ENG,"MF,DF",18.0,2,0,0.0,0.0,0.0,0.0,0.0,0.0,0.0,0.0,0.0,0.0,0.0
514,Sander Berge,no NOR,MF,25.0,37,34,1.0,2.0,3.0,10.0,1.0,1.9,2.4,4.3,64.0,164.0,29.0
515,Dara O'Shea,ie IRL,DF,24.0,33,32,3.0,4.0,7.0,5.0,1.0,0.7,2.0,2.7,32.0,122.0,10.0
516,James Trafford,eng ENG,GK,20.0,28,28,0.0,0.0,0.0,2.0,0.0,0.0,0.0,0.0,0.0,6.0,0.0
517,Zeki Amdouni,ch SUI,FW,22.0,34,27,5.0,1.0,6.0,2.0,0.0,5.8,1.4,6.5,63.0,49.0,93.0
518,Vitinho,br BRA,"DF,MF",24.0,32,26,0.0,2.0,2.0,1.0,0.0,1.6,1.3,2.9,59.0,66.0,110.0
519,Charlie Taylor,eng ENG,DF,29.0,28,25,1.0,1.0,2.0,8.0,0.0,0.2,1.2,1.5,36.0,82.0,81.0
520,Wilson Odobert,fr FRA,"MF,FW",18.0,29,25,3.0,2.0,5.0,3.0,0.0,2.8,3.3,6.1,102.0,58.0,123.0
521,Josh Brownhill,eng ENG,MF,27.0,33,23,4.0,2.0,6.0,4.0,1.0,1.9,2.1,4.0,19.0,90.0,36.0
522,Josh Cullen,ie IRL,MF,27.0,25,23,2.0,3.0,5.0,9.0,0.0,0.6,1.8,2.4,22.0,123.0,22.0
523,Lyle Foster,za RSA,"FW,MF",22.0,24,22,5.0,3.0,8.0,0.0,1.0,4.5,1.9,6.4,55.0,37.0,104.0
524,Jacob Bruun Larsen,dk DEN,"MF,FW",24.0,32,16,6.0,0.0,6.0,1.0,0.0,5.0,1.5,5.7,61.0,38.0,146.0
525,Maxime Estève,fr FRA,DF,21.0,16,15,0.0,0.0,0.0,6.0,0.0,0.3,0.0,0.3,15.0,40.0,3.0
526,Lorenz Assignon,tg TOG,DF,23.0,15,15,1.0,2.0,3.0,5.0,1.0,0.4,2.6,3.0,38.0,34.0,57.0
527,Jordan Beyer,de GER,DF,23.0,15,15,0.0,1.0,1.0,6.0,0.0,0.5,0.3,0.8,9.0,25.0,1.0
528,Luca Koleosho,it ITA,"MF,FW",18.0,15,13,1.0,1.0,2.0,0.0,0.0,2.0,1.3,3.3,53.0,19.0,82.0
529,Jóhann Berg Guðmundsson,is ISL,"MF,FW",32.0,26,12,1.0,3.0,4.0,2.0,0.0,1.9,2.7,4.5,13.0,59.0,69.0
530,Ameen Al-Dakhil,be BEL,DF,21.0,13,12,1.0,0.0,1.0,1.0,0.0,1.3,0.1,1.4,7.0,35.0,9.0
531,Arijanet Muric,xk KVX,GK,24.0,10,10,0.0,0.0,0.0,0.0,0.0,0.0,0.2,0.2,0.0,1.0,0.0
532,David Datro Fofana,ci CIV,FW,20.0,15,10,4.0,1.0,5.0,1.0,0.0,4.5,1.8,6.4,21.0,15.0,39.0
533,Connor Roberts,wls WAL,DF,27.0,14,8,0.0,1.0,1.0,5.0,1.0,0.0,0.2,0.2,6.0,38.0,13.0
534,Jay Rodriguez,eng ENG,FW,34.0,21,7,2.0,1.0,3.0,0.0,0.0,3.5,0.2,2.9,2.0,17.0,28.0
535,Hannes Delcroix,be BEL,DF,24.0,12,5,0.0,0.0,0.0,2.0,0.0,0.4,0.2,0.6,2.0,18.0,6.0
536,Aaron Ramsey,eng ENG,"MF,FW",20.0,14,5,0.0,0.0,0.0,1.0,0.0,0.3,0.4,0.7,8.0,8.0,17.0
537,Hjalmar Ekdal,se SWE,DF,24.0,8,5,0.0,0.0,0.0,2.0,0.0,0.1,0.1,0.1,5.0,11.0,1.0
538,Mike Trésor,be BEL,"FW,MF",24.0,16,3,0.0,0.0,0.0,0.0,0.0,0.5,0.4,0.9,15.0,10.0,31.0
539,Anass Zaroury,ma MAR,"FW,MF",22.0,6,1,0.0,0.0,0.0,0.0,1.0,0.2,0.0,0.2,2.0,2.0,12.0
540,Benson Manuel,ao ANG,"MF,FW",26.0,8,1,0.0,0.0,0.0,0.0,0.0,0.1,0.0,0.1,5.0,2.0,14.0
541,Nathan Redmond,eng ENG,"FW,MF",29.0,12,0,0.0,0.0,0.0,1.0,0.0,0.0,0.3,0.3,7.0,8.0,22.0
542,Jack Cork,eng ENG,MF,34.0,4,0,0.0,0.0,0.0,0.0,0.0,0.0,0.0,0.0,4.0,4.0,1.0
543,Michael Obafemi,ie IRL,"FW,MF",23.0,2,0,0.0,0.0,0.0,0.0,0.0,0.1,0.0,0.1,0.0,0.0,3.0
544,Han-Noah Massengo,fr FRA,"MF,DF",22.0,3,0,0.0,0.0,0.0,0.0,0.0,0.0,0.0,0.0,2.0,0.0,0.0
545,Gustavo Hamer,nl NED,MF,26.0,36,34,4.0,6.0,10.0,9.0,0.0,3.0,6.1,9.1,36.0,135.0,86.0
546,Jayden Bogle,eng ENG,DF,23.0,34,32,3.0,0.0,3.0,9.0,0.0,2.3,1.0,3.3,38.0,60.0,92.0
547,Jack Robinson,eng ENG,DF,29.0,34,31,1.0,1.0,2.0,10.0,0.0,1.2,1.2,2.4,8.0,63.0,14.0
548,Vinicius Souza,br BRA,MF,24.0,36,29,1.0,0.0,1.0,3.0,0.0,0.6,0.2,0.8,7.0,66.0,21.0
549,Anel Ahmedhodžić,ba BIH,DF,24.0,31,29,2.0,0.0,2.0,11.0,1.0,3.1,0.8,4.0,15.0,43.0,21.0
550,Wes Foderingham,eng ENG,GK,32.0,30,29,0.0,0.0,0.0,2.0,0.0,0.0,0.1,0.1,0.0,0.0,0.0
551,Auston Trusty,us USA,DF,24.0,32,28,0.0,0.0,0.0,4.0,0.0,0.4,1.1,1.5,10.0,40.0,15.0
552,Cameron Archer,eng ENG,"FW,MF",22.0,29,21,4.0,1.0,5.0,1.0,0.0,5.5,2.8,8.3,33.0,15.0,113.0
553,James Mcatee,eng ENG,"MF,FW",20.0,30,20,3.0,3.0,6.0,2.0,0.0,3.1,2.9,5.2,55.0,51.0,110.0
554,Oliver Norwood,nir NIR,MF,32.0,27,16,1.0,0.0,1.0,8.0,0.0,1.1,0.6,0.9,3.0,73.0,10.0
555,Oliver McBurnie,sct SCO,FW,27.0,21,15,6.0,3.0,9.0,7.0,2.0,6.9,2.0,7.3,6.0,30.0,60.0
556,Ben Osborn,eng ENG,"DF,MF",28.0,24,14,0.0,2.0,2.0,3.0,0.0,0.2,0.9,1.1,16.0,55.0,44.0
557,Ben Brereton,cl CHI,"FW,MF",24.0,14,14,6.0,1.0,7.0,3.0,0.0,6.1,1.5,6.7,23.0,37.0,78.0
558,Andre Brooks,eng ENG,"MF,DF",19.0,20,12,0.0,0.0,0.0,1.0,0.0,0.4,0.1,0.5,12.0,18.0,22.0
559,George Baldock,gr GRE,DF,30.0,13,11,0.0,1.0,1.0,4.0,0.0,0.0,0.8,0.8,9.0,31.0,24.0
560,Oliver Arblaster,eng ENG,MF,19.0,12,11,0.0,0.0,0.0,2.0,0.0,0.0,0.7,0.8,13.0,43.0,4.0
561,Luke Thomas,eng ENG,DF,22.0,12,11,0.0,0.0,0.0,3.0,0.0,0.5,0.1,0.6,8.0,33.0,22.0
562,William Osula,dk DEN,FW,19.0,21,9,0.0,0.0,0.0,4.0,0.0,1.6,0.1,1.7,7.0,2.0,41.0
563,Ivo Grbić,hr CRO,GK,27.0,9,9,0.0,0.0,0.0,1.0,0.0,0.0,0.0,0.0,0.0,0.0,0.0
564,Mason Holgate,eng ENG,DF,26.0,10,9,0.0,0.0,0.0,3.0,1.0,0.6,0.4,1.1,0.0,13.0,0.0
565,Yasser Larouci,dz ALG,DF,22.0,11,6,0.0,0.0,0.0,1.0,0.0,0.2,0.3,0.5,18.0,14.0,12.0
566,John Egan,ie IRL,DF,30.0,6,6,0.0,0.0,0.0,2.0,0.0,0.2,0.0,0.2,0.0,5.0,1.0
567,Max Lowe,eng ENG,"DF,MF",26.0,10,4,0.0,0.0,0.0,1.0,0.0,0.6,0.7,1.3,5.0,12.0,11.0
568,Anis Ben Slimane,tn TUN,MF,22.0,15,4,0.0,0.0,0.0,2.0,0.0,0.8,0.3,1.1,3.0,12.0,21.0
569,Bénie Adama Traore,ci CIV,"FW,MF",20.0,8,3,0.0,0.0,0.0,0.0,0.0,0.3,0.5,0.8,7.0,9.0,14.0
570,Rhian Brewster,eng ENG,"FW,MF",23.0,13,3,0.0,0.0,0.0,0.0,1.0,0.4,0.1,0.5,1.0,3.0,21.0
571,Chris Basham,eng ENG,"DF,MF",35.0,8,3,0.0,0.0,0.0,1.0,0.0,0.1,0.3,0.4,1.0,7.0,6.0
572,Tom Davies,eng ENG,MF,25.0,9,2,0.0,0.0,0.0,2.0,0.0,0.4,0.1,0.4,3.0,8.0,3.0
573,Rhys Norrington-Davies,wls WAL,DF,24.0,5,2,0.0,0.0,0.0,1.0,0.0,0.0,0.0,0.0,3.0,2.0,6.0
574,John Fleck,sct SCO,"MF,DF",31.0,4,1,0.0,0.0,0.0,1.0,0.0,0.0,0.4,0.4,2.0,3.0,0.0
575,Sam Curtis,ie IRL,DF,17.0,1,0,0.0,0.0,0.0,0.0,0.0,0.0,0.0,0.0,0.0,1.0,1.0
576,Daniel Jebbison,eng ENG,FW,19.0,1,0,0.0,0.0,0.0,0.0,0.0,0.0,0.0,0.0,0.0,0.0,1.0
577,Antwoine Hackford,eng ENG,FW,19.0,2,0,0.0,0.0,0.0,0.0,0.0,0.0,0.0,0.0,0.0,0.0,0.0
578,Sydie Peck,eng ENG,MF,18.0,1,0,0.0,0.0,0.0,0.0,0.0,0.0,0.0,0.0,0.0,0.0,0.0
579,Ryan One,sct SCO,FW,17.0,1,0,0.0,0.0,0.0,0.0,0.0,0.0,0.0,0.0,1.0,0.0,0.0
